Brand,OriginalPrice,Description
16ARLINGTON,765.0,Jacket
3.1 PHILLIP LIM,759.75,Jacket
ACNE STUDIOS,1476.4285714285713,Jacket
ADAM SELMAN SPORT,375.0,Jacket
ADIDAS ORIGINALS,70.0,Jacket
AGNONA,4360.0,Jacket
AKRIS,2790.0,Jacket
ALAÏA,3635.714285714286,Jacket
ALEKSANDRE AKHALKATSISHVILI,615.3333333333334,Jacket
ALESSANDRA RICH,1615.0,Jacket
ALEXACHUNG,426.6666666666667,Jacket
ALEXANDER MCQUEEN,2877.3684210526317,Jacket
ALEXANDER WANG,1716.25,Jacket
ALEXANDRE VAUTHIER,2135.0,Jacket
ALICE + OLIVIA,574.2857142857143,Jacket
ALTUZARRA,1518.0,Jacket
AMBUSH®,946.6666666666666,Jacket
AMIRI,1465.0,Jacket
ANDERSSON BELL,799.0,Jacket
ANDREW GN,2100.0,Jacket
ANINE BING,375.0,Jacket
ANN DEMEULEMEESTER,1309.8,Jacket
ANNA MASON,764.0,Jacket
ANNA QUAN,675.0,Jacket
AREA,1238.0,Jacket
ARIAS,1085.0,Jacket
ARIES,2129.0,Jacket
ARJÉ,1002.5,Jacket
ASCENO,670.0,Jacket
ATLANTIQUE ASCOLI,740.0,Jacket
ATM ANTHONY THOMAS MELILLO,460.0,Jacket
BALENCIAGA,1903.5416666666667,Jacket
BALMAIN,2382.3076923076924,Jacket
BARBOUR,334.0,Jacket
BEAUFILLE,880.0,Jacket
BELLA FREUD,878.3333333333334,Jacket
BITE STUDIOS,780.0,Jacket
BLAZÉ MILANO,1445.625,Jacket
BOTTEGA VENETA,3470.0,Jacket
BRANDON MAXWELL,2250.5,Jacket
BRUMAL,1598.3333333333333,Jacket
BRUNELLO CUCINELLI,4400.0,Jacket
BURBERRY,1213.5714285714287,Jacket
BY MALENE BIRGER,449.0,Jacket
CANADA GOOSE,633.1111111111111,Jacket
CAROLINA HERRERA,2505.0,Jacket
CASASOLA,1327.5,Jacket
CEFINN,422.5,Jacket
CELIA DRAGOUNI,280.0,Jacket
CHLOÉ,1977.2727272727273,Jacket
CHRISTOPHER KANE,1495.0,Jacket
COMME DES GARÇONS COMME DES GARÇONS,1520.0,Jacket
COMME DES GARÇONS GIRL,865.0,Jacket
COMMISSION,1329.25,Jacket
COURREGES,1617.5,Jacket
CULT GAIA,475.0,Jacket
CUSHNIE,2096.0,Jacket
CÉDRIC CHARLIER,730.0,Jacket
DE LA VALI,693.0,Jacket
DEVEAUX,1255.0,Jacket
DIANE VON FURSTENBERG,576.25,Jacket
DION LEE,648.0,Jacket
DOLCE & GABBANA,1498.125,Jacket
DOUBLE RAINBOUU,229.0,Jacket
DRIES VAN NOTEN,962.5,Jacket
DUNDAS,2326.0,Jacket
ELIE SAAB,1895.0,Jacket
ELLERY,1266.25,Jacket
EMILIA WICKSTEAD,820.0,Jacket
ENVELOPE1976,450.0,Jacket
ERDEM,1480.0,Jacket
ETRO,1371.0,Jacket
EVE DENIM,449.0,Jacket
F.R.S FOR RESTLESS SLEEPERS,990.0,Jacket
FENDI,3128.5714285714284,Jacket
FORTE_FORTE,595.0,Jacket
FRAME,655.0,Jacket
FRANKIE SHOP,310.0,Jacket
GABRIELA HEARST,2250.8333333333335,Jacket
GALVAN,1132.3333333333333,Jacket
GANNI,385.55555555555554,Jacket
GAUGE81,398.5,Jacket
GIULIVA HERITAGE COLLECTION,1496.5,Jacket
GIVENCHY,2047.0,Jacket
GMBH,1145.0,Jacket
GOLDEN GOOSE,1005.0,Jacket
GOLDSIGN,584.5,Jacket
GRLFRND,937.0,Jacket
GUCCI,2671.622950819672,Jacket
GUCCI FOR NET-A-PORTER,2500.0,Jacket
HAIDER ACKERMANN,1488.0,Jacket
HALFPENNY LONDON,2244.0,Jacket
HELMUT LANG,825.0,Jacket
HERVÉ LÉGER,1749.0,Jacket
HOUSE OF HOLLAND,604.8,Jacket
IRO,775.0,Jacket
ISABEL MARANT,1278.75,Jacket
ISABEL MARANT ÉTOILE,400.0,Jacket
J.CREW,245.0,Jacket
JACQUEMUS,1106.5,Jacket
JAMES PERSE,580.0,Jacket
JAMES PURDEY & SONS,529.3333333333334,Jacket
JASON WU,701.6666666666666,Jacket
JENNY PACKHAM,2690.0,Jacket
JIL SANDER,1470.0,Jacket
JOHANNA ORTIZ,1755.0,Jacket
JOSEPH,715.0,Jacket
JUNYA WATANABE,2325.0,Jacket
JW ANDERSON,1604.5,Jacket
KARL DONOGHUE,1385.0,Jacket
KASSL EDITIONS,900.0,Jacket
KENZO,530.0,Jacket
KHAITE,3765.0,Jacket
KSUBI,257.5,Jacket
KWAIDAN EDITIONS,1490.0,Jacket
L'AGENCE,666.0,Jacket
LA COLLECTION,837.5,Jacket
LADO BOKUCHAVA,585.0,Jacket
LE 17 SEPTEMBRE,517.5,Jacket
LES HÉROÏNES BY VANESSA COCCHIARO,495.0,Jacket
LOEWE,2148.75,Jacket
LORO PIANA,3876.4285714285716,Jacket
LOW CLASSIC,495.0,Jacket
MACKINTOSH,1435.0,Jacket
MADEWELL,211.5,Jacket
MAGDA BUTRYM,1705.0,Jacket
MAGGIE MARILYN,671.6666666666666,Jacket
MAISON MARGIELA,1970.0,Jacket
MAISONCLÉO,220.0,Jacket
MAJE,397.5,Jacket
MARA HOFFMAN,445.0,Jacket
MARNI,2200.0,Jacket
MARQUES' ALMEIDA,1298.75,Jacket
MARY KATRANTZOU,1300.0,Jacket
MATICEVSKI,2485.0,Jacket
MATIN,476.6666666666667,Jacket
MATTHEW ADAMS DOLAN,875.0,Jacket
MATÉRIEL,615.0,Jacket
MAX MARA,1116.875,Jacket
MCQ ALEXANDER MCQUEEN,528.0,Jacket
MENG,1120.0,Jacket
MICHAEL KORS COLLECTION,1961.4285714285713,Jacket
MICHAEL LO SORDO,546.6666666666666,Jacket
MICHAEL MICHAEL KORS,325.0,Jacket
MIGUELINA,470.0,Jacket
MISSONI,1546.6666666666667,Jacket
MIU MIU,1869.4444444444443,Jacket
MM6 MAISON MARGIELA,780.8333333333334,Jacket
MONCLER,984.6341463414634,Jacket
MONCLER GENIUS,1462.142857142857,Jacket
MONCLER GRENOBLE,1435.0,Jacket
MONIQUE LHUILLIER,2360.0,Jacket
MONSE,2415.5,Jacket
MOSCHINO,2235.0,Jacket
MOTHER OF PEARL,615.25,Jacket
MUGLER,1645.5,Jacket
MUNTHE,349.0,Jacket
NAEEM KHAN,2854.0,Jacket
NANUSHKA,600.0,Jacket
NILI LOTAN,1002.7272727272727,Jacket
NOIR KEI NINOMIYA,600.0,Jacket
NORMA KAMALI,224.5,Jacket
OFF-WHITE,1820.0,Jacket
ORSEUND IRIS,1207.6666666666667,Jacket
OSCAR DE LA RENTA,2139.0,Jacket
PACO RABANNE,982.0,Jacket
PALMER//HARDING,664.5,Jacket
PARADISED,430.0,Jacket
PATBO,898.0,Jacket
PAUL & JOE,570.0,Jacket
PETAR PETROV,1298.25,Jacket
PETER DO,2119.8,Jacket
PETER PILOTTO,1375.0,Jacket
PHILOSOPHY DI LORENZO SERAFINI,770.0,Jacket
PRADA,1791.7241379310344,Jacket
PREEN BY THORNTON BREGAZZI,1329.0,Jacket
PROENZA SCHOULER,1840.0,Jacket
PUSHBUTTON,627.5,Jacket
R13,1310.0,Jacket
RACHEL ZOE,426.6666666666667,Jacket
RACIL,900.7142857142857,Jacket
RAG & BONE,562.5,Jacket
RAINS,270.5,Jacket
RALPH & RUSSO,3340.0,Jacket
RASARIO,1504.5,Jacket
RE/DONE,998.75,Jacket
REBECCA VALLANCE,581.6666666666666,Jacket
REDEMPTION,992.5,Jacket
REEBOK X VICTORIA BECKHAM,450.0,Jacket
REJINA PYO,718.75,Jacket
REMAIN BIRGER CHRISTENSEN,910.0,Jacket
RIANNA + NINA,2275.0,Jacket
RICHARD QUINN,2459.0,Jacket
RICK OWENS,1453.3333333333333,Jacket
ROKH,1022.6666666666666,Jacket
ROKSANDA,1581.6666666666667,Jacket
ROLAND MOURET,1047.5,Jacket
ROSETTA GETTY,1270.0,Jacket
ROSIE ASSOULIN,1522.0,Jacket
RTA,597.5,Jacket
SACAI,1826.6666666666667,Jacket
SAFIYAA,957.5,Jacket
SAINT LAURENT,2646.2608695652175,Jacket
SAKS POTTS,670.0,Jacket
SALONI,615.0,Jacket
SALVATORE FERRAGAMO,3537.5,Jacket
SEA,650.0,Jacket
SEE BY CHLOÉ,500.0,Jacket
SIES MARJAN,1421.0,Jacket
SILVIA TCHERASSI,1085.0,Jacket
SITUATIONIST,642.0,Jacket
SLVRLAKE,485.0,Jacket
SOLACE LONDON,364.0,Jacket
SOLID & STRIPED,302.0,Jacket
SPRWMN,1588.3333333333333,Jacket
STAND STUDIO,399.75,Jacket
STAUD,335.0,Jacket
STELLA MCCARTNEY,1164.4166666666667,Jacket
STINE GOYA,767.3333333333334,Jacket
TEMPERLEY LONDON,782.6666666666666,Jacket
TEMPLA,2634.0,Jacket
THE LINE BY K,293.0,Jacket
THE MIGHTY COMPANY,1203.5555555555557,Jacket
THE ROW,2871.470588235294,Jacket
THEORY,565.0,Jacket
THOM BROWNE,1955.0,Jacket
TIBI,837.0,Jacket
TOM FORD,3000.0,Jacket
TOTÊME,796.0,Jacket
TRE BY NATALIE RATABESI,863.0,Jacket
TWENTY MONTRÉAL,267.0,Jacket
ULLA JOHNSON,685.0,Jacket
UNRAVEL PROJECT,988.0,Jacket
UTZON,2508.0,Jacket
VALENTINO,3153.3333333333335,Jacket
VANESSA BRUNO,795.0,Jacket
VERONICA BEARD,752.8571428571429,Jacket
VERSACE,2602.8571428571427,Jacket
VETEMENTS,1277.5,Jacket
VICTORIA BECKHAM,1700.0,Jacket
"VICTORIA, VICTORIA BECKHAM",447.5,Jacket
VINCE,520.0,Jacket
VIVIENNE WESTWOOD,1012.5,Jacket
WALES BONNER,1795.0,Jacket
WE ARE LEONE,506.0,Jacket
WE11DONE,824.375,Jacket
WRIGHT LE CHAPELAIN,1079.0,Jacket
YVES SALOMON,2600.0,Jacket
ZIMMERMANN,1700.0,Jacket
